{"train/R_err": 0.02797645330429077, "train/t_err": 0.8189486861228943, "train/rgb-loss": 0.00705965468659997, "lr": 3.5928199999999986e-05, "train/psnr": 23.163355671512914, "_timestamp": 1714054568.5652814, "_runtime": 783.7616934776306, "_step": 358}